{
  "properties": {
    "connectionReferences": {
      "shared_keyvault_1": {
        "runtimeSource": "invoker",
        "connection": {
          "connectionReferenceLogicalName": "cr8c9_sharedkeyvault_348cf"
        },
        "api": {
          "name": "shared_keyvault"
        }
      }
    },
    "definition": {
      "$schema": "https://schema.management.azure.com/providers/Microsoft.Logic/schemas/2016-06-01/workflowdefinition.json#",
      "contentVersion": "1.0.0.0",
      "parameters": {
        "$connections": {
          "defaultValue": {},
          "type": "Object"
        },
        "$authentication": {
          "defaultValue": {},
          "type": "SecureObject"
        },
        "VAR | API URL (cr8c9_varAPIurl)": {
          "defaultValue": "https://tpm-vnext-6cdgs.azurewebsites.net",
          "type": "String",
          "metadata": {
            "schemaName": "cr8c9_varAPIurl",
            "description": "The base URL for the Azure Function API"
          }
        },
        "VAR | API Key (cr8c9_VARAPIKey)": {
          "defaultValue": "T8k9WligEt6y/armzaQiIa1O/HfNHZSFNpD4xor5XNPGlyIoXLIvkw==",
          "type": "String",
          "metadata": {
            "schemaName": "cr8c9_VARAPIKey"
          }
        },
        "VAR | Tenant ID GUID (cr8c9_VARTenantIDGUID)": {
          "defaultValue": "153017a8-f318-49c2-a8e2-463465842b89",
          "type": "String",
          "metadata": {
            "schemaName": "cr8c9_VARTenantIDGUID",
            "description": "Your Azure AD Tenant ID"
          }
        },
        "VAR | Audience ID GUID (cr8c9_VARAudienceIDGUID)": {
          "defaultValue": "48d08c33-8a06-48a4-b0c8-36bfcc2dea1f",
          "type": "String",
          "metadata": {
            "schemaName": "cr8c9_VARAudienceIDGUID",
            "description": "Used in HTTP AAD Authentication"
          }
        },
        "VAR | Client ID GUID (cr8c9_VARClientIDGUID)": {
          "defaultValue": "48d08c33-8a06-48a4-b0c8-36bfcc2dea1f",
          "type": "String",
          "metadata": {
            "schemaName": "cr8c9_VARClientIDGUID",
            "description": "Client app ID"
          }
        }
      },
      "triggers": {
        "manual": {
          "metadata": {
            "operationMetadataId": "bff505e6-b3da-43c9-bbfa-f5b475c6716f"
          },
          "type": "Request",
          "kind": "PowerAppV2",
          "inputs": {
            "schema": {
              "type": "object",
              "properties": {
                "text": {
                  "title": "location",
                  "type": "string",
                  "x-ms-dynamically-added": true,
                  "description": "location",
                  "x-ms-content-hint": "TEXT"
                }
              },
              "required": [
                "text"
              ]
            }
          }
        }
      },
      "actions": {
        "Initialize_varAPIHost": {
          "runAfter": {},
          "metadata": {
            "operationMetadataId": "4c1faad7-6d0e-4660-bbf0-4001f4c47b8c"
          },
          "type": "InitializeVariable",
          "inputs": {
            "variables": [
              {
                "name": "varAPIHost",
                "type": "string",
                "value": "@parameters('VAR | API URL (cr8c9_varAPIurl)')"
              }
            ]
          }
        },
        "Initialize_varAPIKey": {
          "runAfter": {
            "Initialize_varAPIHost": [
              "Succeeded"
            ]
          },
          "metadata": {
            "operationMetadataId": "e9a8fdd3-973b-4639-ba7b-c833c71834a3"
          },
          "type": "InitializeVariable",
          "inputs": {
            "variables": [
              {
                "name": "varAPIKey",
                "type": "string",
                "value": "@parameters('VAR | API Key (cr8c9_VARAPIKey)')"
              }
            ]
          }
        },
        "Get_secret": {
          "runAfter": {
            "Initialize_varAPIKey": [
              "Succeeded"
            ]
          },
          "metadata": {
            "operationMetadataId": "3554db7d-0b00-435d-add1-d1919f2d1e48"
          },
          "type": "OpenApiConnection",
          "inputs": {
            "host": {
              "connectionName": "shared_keyvault_1",
              "operationId": "GetSecret",
              "apiId": "/providers/Microsoft.PowerApps/apis/shared_keyvault"
            },
            "parameters": {
              "secretName": "Azure-SPN-Secret"
            },
            "authentication": "@parameters('$authentication')"
          }
        },
        "HTTP": {
          "runAfter": {
            "Get_secret": [
              "Succeeded"
            ]
          },
          "metadata": {
            "operationMetadataId": "28631ddf-e984-4fc2-bc87-b97e68c92ba2"
          },
          "type": "Http",
          "inputs": {
            "method": "GET",
            "uri": "@{variables('varAPIHost')}/api/Get-CsOnlineLisLocation?code=@{variables('varAPIKey')}&Location=@{triggerBody()['text']}",
            "headers": {
              "Content-Type": "application/json"
            },
            "authentication": {
              "type": "ActiveDirectoryOAuth",
              "authority": "https://login.microsoftonline.com",
              "tenant": "@parameters('VAR | Tenant ID GUID (cr8c9_VARTenantIDGUID)')",
              "audience": "@parameters('VAR | Audience ID GUID (cr8c9_VARAudienceIDGUID)')",
              "clientId": "@parameters('VAR | Client ID GUID (cr8c9_VARClientIDGUID)')",
              "secret": "@outputs('Get_secret')?['body/value']"
            }
          }
        },
        "Parse_JSON": {
          "runAfter": {
            "HTTP": [
              "Succeeded"
            ]
          },
          "metadata": {
            "operationMetadataId": "078fe4ba-7c47-4458-bb47-e67b1362a9fe"
          },
          "type": "ParseJson",
          "inputs": {
            "content": "@body('HTTP')",
            "schema": {
              "type": "array",
              "items": {
                "type": "object",
                "properties": {
                  "LocationId": {
                    "type": "string"
                  },
                  "Description": {
                    "type": "string"
                  },
                  "CountryOrRegion": {
                    "type": "string"
                  },
                  "City": {
                    "type": "string"
                  },
                  "Latitude": {
                    "type": "string"
                  },
                  "Longitude": {
                    "type": "string"
                  }
                },
                "required": [
                  "LocationId",
                  "Description",
                  "CountryOrRegion",
                  "City",
                  "Latitude",
                  "Longitude"
                ]
              }
            }
          }
        },
        "Response": {
          "runAfter": {
            "Parse_JSON": [
              "Succeeded"
            ]
          },
          "metadata": {
            "operationMetadataId": "e20502e3-79d5-45d3-8904-1ce7a42ae509"
          },
          "type": "Response",
          "kind": "Http",
          "inputs": {
            "statusCode": 200,
            "body": "@body('Parse_JSON')",
            "schema": {
              "type": "array",
              "items": {
                "type": "object",
                "properties": {
                  "LocationId": {
                    "type": "string"
                  },
                  "Description": {
                    "type": "string"
                  },
                  "CountryOrRegion": {
                    "type": "string"
                  },
                  "City": {
                    "type": "string"
                  },
                  "Latitude": {
                    "type": "string"
                  },
                  "Longitude": {
                    "type": "string"
                  }
                },
                "required": [
                  "LocationId",
                  "Description",
                  "CountryOrRegion",
                  "City",
                  "Latitude",
                  "Longitude"
                ]
              }
            }
          }
        }
      },
      "outputs": {}
    }
  },
  "schemaVersion": "1.0.0.0"
}