<ImportExportXml version="9.2.22032.142" SolutionPackageVersion="9.2" languagecode="1033" generatedBy="CrmLive" xmlns:xsi="http://www.w3.org/2001/XMLSchema-instance">
  <SolutionManifest>
    <UniqueName>PhoneSystemSolution</UniqueName>
    <LocalizedNames>
      <LocalizedName description="Phone System Solution" languagecode="1033" />
    </LocalizedNames>
    <Descriptions />
    <Version>1.0.1.8</Version>
    <Managed>0</Managed>
    <Publisher>
      <UniqueName>Cr56ce1</UniqueName>
      <LocalizedNames>
        <LocalizedName description="CDS Default Publisher" languagecode="1033" />
      </LocalizedNames>
      <Descriptions />
      <EMailAddress xsi:nil="true"></EMailAddress>
      <SupportingWebsiteUrl xsi:nil="true"></SupportingWebsiteUrl>
      <CustomizationPrefix>cr8c9</CustomizationPrefix>
      <CustomizationOptionValuePrefix>10037</CustomizationOptionValuePrefix>
      <Addresses>
        <Address>
          <AddressNumber>1</AddressNumber>
          <AddressTypeCode xsi:nil="true"></AddressTypeCode>
          <City xsi:nil="true"></City>
          <County xsi:nil="true"></County>
          <Country xsi:nil="true"></Country>
          <Fax xsi:nil="true"></Fax>
          <FreightTermsCode xsi:nil="true"></FreightTermsCode>
          <ImportSequenceNumber xsi:nil="true"></ImportSequenceNumber>
          <Latitude xsi:nil="true"></Latitude>
          <Line1 xsi:nil="true"></Line1>
          <Line2 xsi:nil="true"></Line2>
          <Line3 xsi:nil="true"></Line3>
          <Longitude xsi:nil="true"></Longitude>
          <Name xsi:nil="true"></Name>
          <PostalCode xsi:nil="true"></PostalCode>
          <PostOfficeBox xsi:nil="true"></PostOfficeBox>
          <PrimaryContactName xsi:nil="true"></PrimaryContactName>
          <ShippingMethodCode xsi:nil="true"></ShippingMethodCode>
          <StateOrProvince xsi:nil="true"></StateOrProvince>
          <Telephone1 xsi:nil="true"></Telephone1>
          <Telephone2 xsi:nil="true"></Telephone2>
          <Telephone3 xsi:nil="true"></Telephone3>
          <TimeZoneRuleVersionNumber xsi:nil="true"></TimeZoneRuleVersionNumber>
          <UPSZone xsi:nil="true"></UPSZone>
          <UTCOffset xsi:nil="true"></UTCOffset>
          <UTCConversionTimeZoneCode xsi:nil="true"></UTCConversionTimeZoneCode>
        </Address>
        <Address>
          <AddressNumber>2</AddressNumber>
          <AddressTypeCode xsi:nil="true"></AddressTypeCode>
          <City xsi:nil="true"></City>
          <County xsi:nil="true"></County>
          <Country xsi:nil="true"></Country>
          <Fax xsi:nil="true"></Fax>
          <FreightTermsCode xsi:nil="true"></FreightTermsCode>
          <ImportSequenceNumber xsi:nil="true"></ImportSequenceNumber>
          <Latitude xsi:nil="true"></Latitude>
          <Line1 xsi:nil="true"></Line1>
          <Line2 xsi:nil="true"></Line2>
          <Line3 xsi:nil="true"></Line3>
          <Longitude xsi:nil="true"></Longitude>
          <Name xsi:nil="true"></Name>
          <PostalCode xsi:nil="true"></PostalCode>
          <PostOfficeBox xsi:nil="true"></PostOfficeBox>
          <PrimaryContactName xsi:nil="true"></PrimaryContactName>
          <ShippingMethodCode xsi:nil="true"></ShippingMethodCode>
          <StateOrProvince xsi:nil="true"></StateOrProvince>
          <Telephone1 xsi:nil="true"></Telephone1>
          <Telephone2 xsi:nil="true"></Telephone2>
          <Telephone3 xsi:nil="true"></Telephone3>
          <TimeZoneRuleVersionNumber xsi:nil="true"></TimeZoneRuleVersionNumber>
          <UPSZone xsi:nil="true"></UPSZone>
          <UTCOffset xsi:nil="true"></UTCOffset>
          <UTCConversionTimeZoneCode xsi:nil="true"></UTCConversionTimeZoneCode>
        </Address>
      </Addresses>
    </Publisher>
    <RootComponents>
      <RootComponent type="29" id="{014466ec-4754-ec11-8f8e-0022486fa423}" behavior="0" />
      <RootComponent type="29" id="{024466ec-4754-ec11-8f8e-0022486fa423}" behavior="0" />
      <RootComponent type="29" id="{034466ec-4754-ec11-8f8e-0022486fa423}" behavior="0" />
      <RootComponent type="29" id="{044466ec-4754-ec11-8f8e-0022486fa423}" behavior="0" />
      <RootComponent type="29" id="{1a4466ec-4754-ec11-8f8e-0022486fa423}" behavior="0" />
      <RootComponent type="29" id="{2c4466ec-4754-ec11-8f8e-0022486fa423}" behavior="0" />
      <RootComponent type="29" id="{3991b5b0-4954-ec11-8f8e-0022486fa423}" behavior="0" />
      <RootComponent type="29" id="{4fe9c215-eab0-ec11-9840-000d3a959cd3}" behavior="0" />
      <RootComponent type="29" id="{8de679e3-e6b0-ec11-9840-000d3a959cd3}" behavior="0" />
      <RootComponent type="29" id="{a88b82ba-9e56-ec11-8f8f-0022486fa2eb}" behavior="0" />
      <RootComponent type="29" id="{cac79608-9f56-ec11-8f8f-0022486fa2eb}" behavior="0" />
      <RootComponent type="300" schemaName="cr8c9_phonesystemadmin_262d8" behavior="0" />
    </RootComponents>
    <MissingDependencies />
  </SolutionManifest>
</ImportExportXml>