<environmentvariabledefinition schemaname="cr8c9_VARTenantIDGUID">
  <description default="Your Azure AD Tenant ID">
    <label description="Your Azure AD Tenant ID" languagecode="1033" />
  </description>
  <displayname default="VAR | Tenant ID GUID">
    <label description="VAR | Tenant ID GUID" languagecode="1033" />
  </displayname>
  <introducedversion>1.0.0.9</introducedversion>
  <iscustomizable>1</iscustomizable>
  <isrequired>0</isrequired>
  <secretstore>0</secretstore>
  <type>100000000</type>
</environmentvariabledefinition>