<environmentvariabledefinition schemaname="cr8c9_varAPIurl">
  <description default="The base URL for the Azure Function API">
    <label description="The base URL for the Azure Function API" languagecode="1033" />
  </description>
  <displayname default="VAR | API URL">
    <label description="VAR | API URL" languagecode="1033" />
  </displayname>
  <introducedversion>1.0.0.9</introducedversion>
  <iscustomizable>1</iscustomizable>
  <isrequired>0</isrequired>
  <secretstore>0</secretstore>
  <type>100000000</type>
</environmentvariabledefinition>